INSERT INTO clientes (nombre, apellido, dni, telefono, email) VALUES
('Juan', 'Pérez', '20345678', '1123456789', 'juanperez@email.com'),
('María', 'Gómez', '20456789', '1134567890', 'mariagomez@email.com'),
('Carlos', 'López', '20567890', '1145678901', 'carloslopez@email.com'),
('Ana', 'Martínez', '20678901', '1156789012', 'anamartinez@email.com'),
('Luis', 'Rodríguez', '20789012', '1167890123', 'luisrodriguez@email.com'),
('Pedro', 'Gómez', '20345679', '1123456790', 'pedrogomez@email.com'),
('Lucía', 'Martínez', '20456780', '1134567801', 'luciamartinez@email.com'),
('Ricardo', 'Fernández', '20567891', '1145678912', 'ricardofernandez@email.com'),
('Elena', 'Rodríguez', '20678902', '1156789023', 'elenarodriguez@email.com'),
('Javier', 'López', '20789013', '1167890134', 'javierlopez@email.com'),
('Miguel', 'Gómez', '23456789', '1434567890', 'miguel@email.com'),
('Elena', 'Hernández', '23567891', '1445678901', 'elena@email.com'),
('José', 'Rodríguez', '23678902', '1456789012', 'jose@email.com'),
('Carmen', 'García', '23789013', '1467890123', 'carmen@email.com'),
('Antonio', 'Martínez', '23890124', '1478901234', 'antonio@email.com'),
('Dolores', 'Fernández', '23901345', '1489012345', 'dolores@email.com'),
('Luis', 'López', '24012345', '1490123456', 'luis@email.com'),
('María', 'Gómez', '24123467', '1501234567', 'maria@email.com'),
('José', 'Hernández', '24235678', '1512345678', 'jose@email.com'),
('Carmen', 'Rodríguez', '24456789', '1523456789', 'carmen@email.com'),
('Francisco', 'García', '24567890', '1534567890', 'francisco@email.com'),
('Marta', 'Martínez', '24567901', '1545678901', 'marta@email.com');

INSERT INTO bicicletas (id_cliente, marca, modelo, color, rodado, fecha_ingreso, fecha_egreso) VALUES
(1, 'Trek', 'Marlin 7', 'Negro', '29', '2024-10-14', '2024-10-24'),
(2, 'Specialized', 'Rockhopper', 'Rojo', '27.5', '2024-10-16', '2024-10-26'),
(3, 'Giant', 'Talon 3', 'Azul', '26', '2024-10-29', '2024-11-05'),
(4, 'Cannondale', 'Trail 5', 'Verde', '28', '2024-10-29', '2024-11-07'),
(5, 'Scott', 'Aspect 940', 'Amarillo', '29', '2024-11-05', '2024-11-10'),
(6, 'Merida', 'Big Nine 300', 'Blanco', '27.5', '2024-12-06', '2024-12-14'),
(3, 'Bianchi', 'Magnum', 'Naranja', '26', '2024-12-07', '2024-12-20'),
(8, 'Orbea', 'MX 50', 'Negro', '28', '2025-01-08', '2025-01-24'),
(6, 'Kona', 'Fire Mountain', 'Rojo', '29', '2025-01-09', null),
(9, 'Zenith', 'Cumbre', 'Rojo', '26', '2025-01-10', '2025-01-20'),
(10, 'Cube', 'Aim Pro', 'Azul', '27.5', '2025-01-10', '2025-01-22'),
(11, 'Bianchi', 'Ruta', 'Negro', '28', '2025-01-23', '2025-02-04'),
(11, 'Giant', 'Propel', 'Azul', '28', '2025-02-10', null),
(12, 'Cannondale', 'Trail 3', 'Azul', '29', '2025-02-14', '2025-02-20'),
(13, 'Scott', 'Aspect 950', 'Amarillo', '26', '2025-02-20', '2025-02-28'),
(14, 'Merida', 'Big Seven 300', 'Blanco', '27.5', '2025-02-20', '2025-03-14'),
(3, 'Bianchi', 'C-Sport 1', 'Naranja', '28', '2025-03-01', '2025-03-10'),
(15, 'Orbea', 'MX 10', 'Negro', '29', '2025-03-01', '2025-03-10'),
(16, 'Kona', 'Lava Dome', 'Rojo', '26', '2025-03-02', '2025-03-12'),
(17, 'Cube', 'Aim Race', 'Azul', '27.5', '2025-03-06', '2025-03-14'),
(18, 'Trek', 'Marlin', 'Rosa', '29', '2025-03-10', '2025-03-14'),
(19, 'Specialized', 'Rockhopper', 'Amarillo', '27.5', '2025-03-22', '2025-04-10'),
(14, 'Giant', 'Talon 3', 'Azul', '26', '2025-04-01', '2025-04-14'),
(20, 'Cannondale', 'Trail 5', 'Verde', '28', '2025-04-11', '2025-04-20'),
(21, 'Scott', 'Aspect 940', 'Amarillo', '29', '2025-04-16', null),
(22, 'Zenith', 'Alpes', 'Rojo', '26', '2025-05-05', null);

INSERT INTO presupuestos (fecha, cliente_id, bicicleta_id, valor_total, detalle) VALUES
('2024-10-15', 1, 1, 15000, 'Reparación de frenos y cambio de cadena'),
('2024-10-16', 2, 2, 12000, 'Ajuste de suspensión y revisión general'),
('2024-10-29', 3, 3, 10000, 'Cambio de neumáticos y ajuste de cambios'),
('2024-10-30', 4, 4, 13000, 'Reemplazo de manillar y ajuste de frenos'),
('2024-11-05', 5, 5, 14000, 'Revisión completa y cambio de aceite de suspensión'),
('2024-12-07', 6, 6, 11000, 'Cambio de cables y ajuste de cambios'),
('2024-12-07', 3, 7, 12500, 'Reemplazo de llantas y ajuste de frenos'),
('2025-01-09', 8, 8, 13500, 'Cambio de cadena y ajuste de suspensión'),
('2025-01-09', 6, 9, 14500, 'Revisión general y ajuste de cambios'),
('2025-01-10', 9, 10, 15000, 'Reparación de frenos y cambio de cadena'),
('2025-01-10', 10, 11, 12000, 'Ajuste de suspensión y revisión general'),
('2025-01-23', 11, 12, 10000, 'Cambio de neumáticos y ajuste de cambios'),
('2025-02-10', 11, 13, 13000, 'Reemplazo de manillar y ajuste de frenos'),
('2025-02-14', 12, 14, 14000, 'Revisión completa y cambio de aceite de suspensión'),
('2025-02-20', 13, 15, 15000, 'Reparación de frenos y cambio de cadena'),
('2025-02-20', 14, 16, 12000, 'Ajuste de suspensión y revisión general'),
('2025-03-01', 3, 17, 10000, 'Cambio de neumáticos y ajuste de cambios'),
('2025-03-01', 15, 18, 13000, 'Reemplazo de manillar y ajuste de frenos'),
('2025-03-02', 16, 19, 14000, 'Revisión completa y cambio de aceite de suspensión'),
('2025-03-06', 17, 20, 10000, 'Cambio de frenos'),
('2025-03-10', 18, 21, 22000, 'Service y reemplazo de transmisión'),
('2025-03-22', 19, 22, 9000, 'Ajuste de cambios'),
('2025-04-01', 14, 23, 14000, 'Revisión completa'),
('2025-04-11', 20, 24, 19000, 'Reemplazo de plato y palancas'),
('2025-04-16', 21, 25, 14000, 'Service completo'),
('2025-05-05', 22, 26, 15000, 'Revisión completa y cambio de aceite de suspensión');

INSERT into repuestos(codigo, producto, marca, color, precio_venta, precio_costo, stock) values 
(101, 'Cámara 26"', 'Michelin', 'Negro', 450.00, 200.00, 20),
(102, 'Cámara 29"', 'Schwalbe', 'Negro', 550.00, 300.00, 14),
(203, 'Neumático 26" MTB', 'Maxxis', 'Negro', 800.00, 600.00, 10),
(204, 'Neumático 29" MTB', 'Continental', 'Negro', 950.00, 650.00, 12),
(3005, 'Cadena 10V', 'KMC', 'Negro', 600.00, 300.00, 10),
(3006, 'Cadena 11V', 'Shimano', 'Negro', 700.00, 400.00, 5),
(404, 'Plato 32T', 'Race Face', 'Negro', 950.00, 650.00, 7),
(405, 'Plato 34T', 'SRAM', 'Negro', 1100.00, 800.00, 2),
(222, 'Cassette 11-42T', 'Shimano', 'Gris', 1200.00, 900.00, 5),
(223, 'Cassette 11-46T', 'SunRace', 'Gris', 1400.00, 1000.00, 8),
(523, 'Frenos de disco', 'Shimano Deore', 'Negro', 1600.00, 1200.00, 10),
(525, 'Frenos de disco', 'Tektro', 'Negro', 1400.00, 1000.00, 13),
(2013, 'Manillar 720mm', 'Race Face', 'Negro mate', 1200.00, 900.00, 1),
(2014, 'Manillar 740mm', 'Renthal', 'Negro mate', 1400.00, 1000.00, 3),
(115, 'Potencia 50mm', 'Truvativ', 'Negro', 800.00, 450.00, 9),
(116, 'Potencia 60mm', 'FSA', 'Negro', 900.00, 600.00, 12),
(317, 'Sillín MTB', 'WTB', 'Negro', 1000.00, 700.00, 14),
(318, 'Sillín MTB', 'Fizik', 'Negro', 1200.00, 900.00, 3),
(2019, 'Pedales plataforma', 'Crankbrothers', 'Negro', 1300.00, 1000.00, 10),
(2020, 'Pedales plataforma', 'HT Components', 'Negro', 1100.00, 800.00, 23);

INSERT INTO detalles(presupuesto_numero, repuesto_codigo, cantidad_agregada) values
(1, 3005, 1),
(1, 525, 1),
(3, 203, 1),
(4, 2013, 1),
(8, 3006, 1),
(10, 523, 1),
(13, 2014, 1),
(15, 525, 1),
(15, 3005, 1),
(17, 204, 1),
(18, 2014, 1),
(20, 525, 1),
(21, 3005, 1),
(21, 222, 1),
(21, 3006, 1),
(24, 404, 1);